CASE,GARARI,DIA,FD,SHAPE,MATERIAL,MESH,ROOM,SOUND,FLOOR,EXPECTED_OUTDOOR,EXPECTED_INDOOR,EXPECTED_QTY,EXPECTED_STATUS
A,2,150,あり,深型,SUS,あり,なし,,1F,P-18VSQD4,,1,正常
B1,2,150,あり,深型,SUS,あり,なし,,1F,P-18VSQD4,,2,正常
B2,2,150,あり,深型,SUS,あり,なし,,2F,P-18VSQD4,,1,正常（B全体で数量3）
C,2,150,あり,深型,SUS,あり,なし,あり,1F,P-18VSSQD3,,1,正常
D,a,100,なし,深型,SUS,あり,P-13WQU,,1F,P-13VSQ4,P-13WQU,1,要確認（セット施工適合）
E,1,100,なし,平型,SUS,あり,なし,,1F,BSW100SB10M,,1,正常
F,1,150,あり,平型,SUS,なし,なし,,1F,要選定,,1,要確認
G1,2,100,あり,深型,SUS,あり,なし,,1F,P-13VSQD4,,1,要確認（G2と同一記号仕様不一致）
G2,2,150,あり,深型,SUS,あり,なし,,1F,P-18VSQD4,,1,要確認（G1と同一記号仕様不一致）
H1,1,150,あり,深型,SUS,あり,なし,,1F,P-18VSQD4,,1,正常（H2と別行）
H2,2,150,あり,深型,SUS,あり,なし,,1F,P-18VSQD4,,1,正常（H1と別行）
I,2,150,あり,深型,SUS,あり,あり,,1F,P-18VSQD4,品番未入力,1,エラー
J,2,150×100,,深型,SUS,あり,,,1F,要選定,品番未入力,1,エラー（数量保持）
M,01,150,あり,深型,SUS,あり,なし,,1F,P-18VSQD4,,1,正常（01文字列）
N,2,150,あり,深型,SUS,あり,なし,,1F,要選定,,1,エラー（A条件のマスター承認行を重複させる）
O,2,150,あり,深型,SUS,あり,P-13WQU,,1F,P-18VSQD4,P-13WQU,1,エラー（室内適用径不一致）
