SHAPE,DIA,FD,MATERIAL,MESH,MESH_SPEC,FD_TEMP,SOUND,MANUFACTURER,MODEL,SPEC_NOTE,APPROVED,SOURCE_URL,CHECKED_DATE
深型,75,なし,SUS,なし,,,なし,三菱電機,P-07VS4,通常深形フード,1,https://dl.mitsubishielectric.co.jp/dl/ldg/wink/ssl/wink_doc/m_contents/wink/FAN_IB/2411876ha9102_ibim.pdf,2026-10-03
深型,100,なし,SUS,なし,,,なし,三菱電機,P-13VS4,通常深形フード,1,https://dl.mitsubishielectric.co.jp/dl/ldg/wink/ssl/wink_doc/m_contents/wink/FAN_IB/2411876ha9102_ibim.pdf,2026-10-03
深型,125,なし,SUS,なし,,,なし,三菱電機,P-15VS4,通常深形フード,1,https://dl.mitsubishielectric.co.jp/dl/ldg/wink/ssl/wink_doc/m_contents/wink/FAN_IB/2411876ha9102_ibim.pdf,2026-10-03
深型,150,なし,SUS,なし,,,なし,三菱電機,P-18VS4,通常深形フード,1,https://dl.mitsubishielectric.co.jp/dl/ldg/wink/ssl/wink_doc/m_contents/wink/FAN_IB/2411876ha9102_ibim.pdf,2026-10-03
深型,175,なし,SUS,なし,,,なし,三菱電機,P-21VS4,通常深形フード,1,https://dl.mitsubishielectric.co.jp/dl/ldg/wink/ssl/wink_doc/m_contents/wink/FAN_IB/2411876ha9102_ibim.pdf,2026-10-03
深型,200,なし,SUS,なし,,,なし,三菱電機,P-23VS4,通常深形フード,1,https://dl.mitsubishielectric.co.jp/dl/ldg/wink/ssl/wink_doc/m_contents/wink/FAN_IB/2411876ha9102_ibim.pdf,2026-10-03
深型,100,なし,SUS,あり,10,,なし,三菱電機,P-13VSQ4,通常深形フード,1,https://dl.mitsubishielectric.co.jp/dl/ldg/wink/ssl/wink_doc/m_contents/wink/FAN_IB/2411876ha9102_ibim.pdf,2026-10-03
深型,150,なし,SUS,あり,10,,なし,三菱電機,P-18VSQ4,通常深形フード,1,https://dl.mitsubishielectric.co.jp/dl/ldg/wink/ssl/wink_doc/m_contents/wink/FAN_IB/2411876ha9102_ibim.pdf,2026-10-03
深型,175,なし,SUS,あり,10,,なし,三菱電機,P-21VSQ4,通常深形フード,1,https://dl.mitsubishielectric.co.jp/dl/ldg/wink/ssl/wink_doc/m_contents/wink/FAN_IB/2411876ha9102_ibim.pdf,2026-10-03
深型,200,なし,SUS,あり,10,,なし,三菱電機,P-23VSQ4,通常深形フード,1,https://dl.mitsubishielectric.co.jp/dl/ldg/wink/ssl/wink_doc/m_contents/wink/FAN_IB/2411876ha9102_ibim.pdf,2026-10-03
深型,75,あり,SUS,なし,,72,なし,三菱電機,P-07VSD4,通常深形フード,1,https://dl.mitsubishielectric.co.jp/dl/ldg/wink/ssl/wink_doc/m_contents/wink/FAN_IM/2411876hb6902_ibim.pdf,2026-10-03
深型,100,あり,SUS,なし,,72,なし,三菱電機,P-13VSD4,通常深形フード,1,https://dl.mitsubishielectric.co.jp/dl/ldg/wink/ssl/wink_doc/m_contents/wink/FAN_IM/2411876hb6902_ibim.pdf,2026-10-03
深型,150,あり,SUS,なし,,72,なし,三菱電機,P-18VSD4,通常深形フード,1,https://dl.mitsubishielectric.co.jp/dl/ldg/wink/ssl/wink_doc/m_contents/wink/FAN_IM/2411876hb6902_ibim.pdf,2026-10-03
深型,175,あり,SUS,なし,,72,なし,三菱電機,P-21VSD4,通常深形フード,1,https://dl.mitsubishielectric.co.jp/dl/ldg/wink/ssl/wink_doc/m_contents/wink/FAN_IM/2411876hb6902_ibim.pdf,2026-10-03
深型,200,あり,SUS,なし,,72,なし,三菱電機,P-23VSD4,通常深形フード,1,https://dl.mitsubishielectric.co.jp/dl/ldg/wink/ssl/wink_doc/m_contents/wink/FAN_IM/2411876hb6902_ibim.pdf,2026-10-03
深型,100,あり,SUS,あり,10,72,なし,三菱電機,P-13VSQD4,通常深形フード,1,https://dl.mitsubishielectric.co.jp/dl/ldg/wink/ssl/wink_doc/m_contents/wink/FAN_IM/2411876hb6902_ibim.pdf,2026-10-03
深型,150,あり,SUS,あり,10,72,なし,三菱電機,P-18VSQD4,通常深形フード,1,https://dl.mitsubishielectric.co.jp/dl/ldg/wink/ssl/wink_doc/m_contents/wink/FAN_IM/2411876hb6902_ibim.pdf,2026-10-03
深型,175,あり,SUS,あり,10,72,なし,三菱電機,P-21VSQD4,通常深形フード,1,https://dl.mitsubishielectric.co.jp/dl/ldg/wink/ssl/wink_doc/m_contents/wink/FAN_IM/2411876hb6902_ibim.pdf,2026-10-03
深型,200,あり,SUS,あり,10,72,なし,三菱電機,P-23VSQD4,通常深形フード,1,https://dl.mitsubishielectric.co.jp/dl/ldg/wink/ssl/wink_doc/m_contents/wink/FAN_IM/2411876hb6902_ibim.pdf,2026-10-03
深型,150,あり,SUS,あり,10,72,あり,三菱電機,P-18VSSQD3,防音タイプ深形フード,1,https://www.mitsubishielectric.co.jp/ldg/wink/ssl/displayProduct.do?pid=129409,2026-10-03
平型,100,なし,SUS,あり,10,,なし,UNIX,BSW100SB10M,フラットカバー付BSW-SB初期案,1,https://www.unix-coltd.co.jp/wp-content/themes/neos/product_files/download_files/BSW-SB10M-draw.pdf,2026-10-03
平型,125,なし,SUS,あり,10,,なし,UNIX,BSW125SB10M,フラットカバー付BSW-SB初期案,1,https://www.unix-coltd.co.jp/wp-content/themes/neos/product_files/download_files/BSW-SB10M-draw.pdf,2026-10-03
平型,150,なし,SUS,あり,10,,なし,UNIX,BSW150SB10M,フラットカバー付BSW-SB初期案,1,https://www.unix-coltd.co.jp/wp-content/themes/neos/product_files/download_files/BSW-SB10M-draw.pdf,2026-10-03
平型,175,なし,SUS,あり,10,,なし,UNIX,BSW175SB10M,フラットカバー付BSW-SB初期案,1,https://www.unix-coltd.co.jp/wp-content/themes/neos/product_files/download_files/BSW-SB10M-draw.pdf,2026-10-03
平型,200,なし,SUS,あり,10,,なし,UNIX,BSW200SB10M,フラットカバー付BSW-SB初期案,1,https://www.unix-coltd.co.jp/wp-content/themes/neos/product_files/download_files/BSW-SB10M-draw.pdf,2026-10-03
平型,250,なし,SUS,あり,10,,なし,UNIX,BSW250SB10M,フラットカバー付BSW-SB初期案,1,https://www.unix-coltd.co.jp/wp-content/themes/neos/product_files/download_files/BSW-SB10M-draw.pdf,2026-10-03
平型,300,なし,SUS,あり,10,,なし,UNIX,BSW300SB10M,フラットカバー付BSW-SB初期案,1,https://www.unix-coltd.co.jp/wp-content/themes/neos/product_files/download_files/BSW-SB10M-draw.pdf,2026-10-03
